{
  "id": "2bb4aa26-21bc-47db-a17f-dd39c8e3048e",
  "prevId": "00000000-0000-0000-0000-000000000000",
  "version": "7",
  "dialect": "postgresql",
  "tables": {
    "public.emails": {
      "name": "emails",
      "schema": "",
      "columns": {
        "id": {
          "name": "id",
          "type": "serial",
          "primaryKey": true,
          "notNull": true
        },
        "thread_id": {
          "name": "thread_id",
          "type": "integer",
          "primaryKey": false,
          "notNull": false
        },
        "sender_id": {
          "name": "sender_id",
          "type": "integer",
          "primaryKey": false,
          "notNull": false
        },
        "recipient_id": {
          "name": "recipient_id",
          "type": "integer",
          "primaryKey": false,
          "notNull": false
        },
        "subject": {
          "name": "subject",
          "type": "varchar(255)",
          "primaryKey": false,
          "notNull": false
        },
        "body": {
          "name": "body",
          "type": "text",
          "primaryKey": false,
          "notNull": false
        },
        "sent_date": {
          "name": "sent_date",
          "type": "timestamp",
          "primaryKey": false,
          "notNull": false,
          "default": "now()"
        }
      },
      "indexes": {
        "thread_id_idx": {
          "name": "thread_id_idx",
          "columns": [
            {
              "expression": "thread_id",
              "isExpression": false,
              "asc": true,
              "nulls": "last"
            }
          ],
          "isUnique": false,
          "concurrently": false,
          "method": "btree",
          "with": {}
        },
        "sender_id_idx": {
          "name": "sender_id_idx",
          "columns": [
            {
              "expression": "sender_id",
              "isExpression": false,
              "asc": true,
              "nulls": "last"
            }
          ],
          "isUnique": false,
          "concurrently": false,
          "method": "btree",
          "with": {}
        },
        "recipient_id_idx": {
          "name": "recipient_id_idx",
          "columns": [
            {
              "expression": "recipient_id",
              "isExpression": false,
              "asc": true,
              "nulls": "last"
            }
          ],
          "isUnique": false,
          "concurrently": false,
          "method": "btree",
          "with": {}
        },
        "sent_date_idx": {
          "name": "sent_date_idx",
          "columns": [
            {
              "expression": "sent_date",
              "isExpression": false,
              "asc": true,
              "nulls": "last"
            }
          ],
          "isUnique": false,
          "concurrently": false,
          "method": "btree",
          "with": {}
        }
      },
      "foreignKeys": {
        "emails_thread_id_threads_id_fk": {
          "name": "emails_thread_id_threads_id_fk",
          "tableFrom": "emails",
          "tableTo": "threads",
          "columnsFrom": ["thread_id"],
          "columnsTo": ["id"],
          "onDelete": "no action",
          "onUpdate": "no action"
        },
        "emails_sender_id_users_id_fk": {
          "name": "emails_sender_id_users_id_fk",
          "tableFrom": "emails",
          "tableTo": "users",
          "columnsFrom": ["sender_id"],
          "columnsTo": ["id"],
          "onDelete": "no action",
          "onUpdate": "no action"
        },
        "emails_recipient_id_users_id_fk": {
          "name": "emails_recipient_id_users_id_fk",
          "tableFrom": "emails",
          "tableTo": "users",
          "columnsFrom": ["recipient_id"],
          "columnsTo": ["id"],
          "onDelete": "no action",
          "onUpdate": "no action"
        }
      },
      "compositePrimaryKeys": {},
      "uniqueConstraints": {}
    },
    "public.folders": {
      "name": "folders",
      "schema": "",
      "columns": {
        "id": {
          "name": "id",
          "type": "serial",
          "primaryKey": true,
          "notNull": true
        },
        "name": {
          "name": "name",
          "type": "varchar(50)",
          "primaryKey": false,
          "notNull": true
        }
      },
      "indexes": {},
      "foreignKeys": {},
      "compositePrimaryKeys": {},
      "uniqueConstraints": {}
    },
    "public.thread_folders": {
      "name": "thread_folders",
      "schema": "",
      "columns": {
        "id": {
          "name": "id",
          "type": "serial",
          "primaryKey": true,
          "notNull": true
        },
        "thread_id": {
          "name": "thread_id",
          "type": "integer",
          "primaryKey": false,
          "notNull": false
        },
        "folder_id": {
          "name": "folder_id",
          "type": "integer",
          "primaryKey": false,
          "notNull": false
        }
      },
      "indexes": {},
      "foreignKeys": {
        "thread_folders_thread_id_threads_id_fk": {
          "name": "thread_folders_thread_id_threads_id_fk",
          "tableFrom": "thread_folders",
          "tableTo": "threads",
          "columnsFrom": ["thread_id"],
          "columnsTo": ["id"],
          "onDelete": "no action",
          "onUpdate": "no action"
        },
        "thread_folders_folder_id_folders_id_fk": {
          "name": "thread_folders_folder_id_folders_id_fk",
          "tableFrom": "thread_folders",
          "tableTo": "folders",
          "columnsFrom": ["folder_id"],
          "columnsTo": ["id"],
          "onDelete": "no action",
          "onUpdate": "no action"
        }
      },
      "compositePrimaryKeys": {},
      "uniqueConstraints": {}
    },
    "public.threads": {
      "name": "threads",
      "schema": "",
      "columns": {
        "id": {
          "name": "id",
          "type": "serial",
          "primaryKey": true,
          "notNull": true
        },
        "subject": {
          "name": "subject",
          "type": "varchar(255)",
          "primaryKey": false,
          "notNull": false
        },
        "last_activity_date": {
          "name": "last_activity_date",
          "type": "timestamp",
          "primaryKey": false,
          "notNull": false,
          "default": "now()"
        }
      },
      "indexes": {},
      "foreignKeys": {},
      "compositePrimaryKeys": {},
      "uniqueConstraints": {}
    },
    "public.user_folders": {
      "name": "user_folders",
      "schema": "",
      "columns": {
        "id": {
          "name": "id",
          "type": "serial",
          "primaryKey": true,
          "notNull": true
        },
        "user_id": {
          "name": "user_id",
          "type": "integer",
          "primaryKey": false,
          "notNull": false
        },
        "folder_id": {
          "name": "folder_id",
          "type": "integer",
          "primaryKey": false,
          "notNull": false
        }
      },
      "indexes": {},
      "foreignKeys": {
        "user_folders_user_id_users_id_fk": {
          "name": "user_folders_user_id_users_id_fk",
          "tableFrom": "user_folders",
          "tableTo": "users",
          "columnsFrom": ["user_id"],
          "columnsTo": ["id"],
          "onDelete": "no action",
          "onUpdate": "no action"
        },
        "user_folders_folder_id_folders_id_fk": {
          "name": "user_folders_folder_id_folders_id_fk",
          "tableFrom": "user_folders",
          "tableTo": "folders",
          "columnsFrom": ["folder_id"],
          "columnsTo": ["id"],
          "onDelete": "no action",
          "onUpdate": "no action"
        }
      },
      "compositePrimaryKeys": {},
      "uniqueConstraints": {}
    },
    "public.users": {
      "name": "users",
      "schema": "",
      "columns": {
        "id": {
          "name": "id",
          "type": "serial",
          "primaryKey": true,
          "notNull": true
        },
        "first_name": {
          "name": "first_name",
          "type": "varchar(50)",
          "primaryKey": false,
          "notNull": false
        },
        "last_name": {
          "name": "last_name",
          "type": "varchar(50)",
          "primaryKey": false,
          "notNull": false
        },
        "email": {
          "name": "email",
          "type": "varchar(255)",
          "primaryKey": false,
          "notNull": true
        },
        "job_title": {
          "name": "job_title",
          "type": "varchar(100)",
          "primaryKey": false,
          "notNull": false
        },
        "company": {
          "name": "company",
          "type": "varchar(100)",
          "primaryKey": false,
          "notNull": false
        },
        "location": {
          "name": "location",
          "type": "varchar(100)",
          "primaryKey": false,
          "notNull": false
        },
        "twitter": {
          "name": "twitter",
          "type": "varchar(100)",
          "primaryKey": false,
          "notNull": false
        },
        "linkedin": {
          "name": "linkedin",
          "type": "varchar(100)",
          "primaryKey": false,
          "notNull": false
        },
        "github": {
          "name": "github",
          "type": "varchar(100)",
          "primaryKey": false,
          "notNull": false
        },
        "avatar_url": {
          "name": "avatar_url",
          "type": "varchar(255)",
          "primaryKey": false,
          "notNull": false
        }
      },
      "indexes": {
        "email_idx": {
          "name": "email_idx",
          "columns": [
            {
              "expression": "email",
              "isExpression": false,
              "asc": true,
              "nulls": "last"
            }
          ],
          "isUnique": true,
          "concurrently": false,
          "method": "btree",
          "with": {}
        }
      },
      "foreignKeys": {},
      "compositePrimaryKeys": {},
      "uniqueConstraints": {}
    }
  },
  "enums": {},
  "schemas": {},
  "sequences": {},
  "_meta": {
    "columns": {},
    "schemas": {},
    "tables": {}
  }
}
